"id","siteTitle","siteTitleEn","heroTagline","heroTaglineEn","heroSubtitle","heroSubtitleEn","festivalPeriod","festivalPeriodEn","locationSummary","locationSummaryEn","aboutTitle","aboutTitleEn","aboutText","aboutTextEn","donationTitle","donationTitleEn","donationText","donationTextEn","donationBankInfo","donationBankInfoEn","officialInstagramUrl","officialXUrl","officialWebsiteUrl","contactEmail","newsNotice","newsNoticeEn","newsNoticeUrl"
"site_info","大阪文化万博 OSAKA FRINGE 2026 | SPILL OVER","OSAKA FRINGE 2026 | SPILL OVER","街の一角を、世界の舞台へ。","Turning Every Corner of Osaka into a World Stage.","劇場だけでなく、街中のあらゆる場所を舞台に。プロ・アマ問わずアーティストが自由に参加するオープンアクセス型芸術祭。","An open-access performing arts festival across converted heritage buildings, cafes, alleys, and rooftops.","2026年10月8日(木) 〜 11月8日(日)","OCTOBER 8 – NOVEMBER 8, 2026","大阪市内各所（CORE・HISTORICAL・LOCALベニュー）","Various Venues across Osaka (CORE, HISTORICAL, LOCAL)","大阪文化万博 - Osaka Fringe 2026","Osaka Culture Expo & Osaka Fringe 2026","「フリンジ（Fringe）」とは、劇場だけでなく街中のあらゆる場所を舞台に、プロ・アマ問わずアーティストが自由に参加できるオープンアクセス型の芸術祭です。

街全体が劇場化し、都市が一体となって共創することで、持続可能な文化経済圏を生み出します。

劇場や美術館だけでなく、広場、歴史的建築、カフェ、オフィスビル、路地裏まで。
大阪のあらゆる空間がパフォーマンスの場となり、国内外から集まるアーティストが多様な表現を繰り広げます。

そして、このフェスティバルは、審査や選考を行わず、誰もが参加できる「オープンアクセス」の精神を基盤としています。
プロフェッショナルから若手クリエイター、市民参加型プロジェクトまでが共存し、街に予測不能な創造性と熱気を生み出します。","The Osaka Fringe Festival is an open-access arts celebration turning every corner of the city into a stage, welcoming artists of all genres, nationalities, and backgrounds without curation or borders.

From historic registered cultural properties to lively cafes, warehouse rooftops, and public plazas, diverse spaces become intimate performance fields.

Artists and audiences collide directly, igniting unpredictable creativity and shared excitement under the theme of 'SPILL OVER'.","大阪フリンジを育てる寄付・サポーター募集","Support Osaka Fringe: Donations & Partnership","大阪文化万博 Osaka Fringe 2026 は、街の隙間をハックし、自由な舞台芸術の発展と大阪の文化を世界へ発信するための非営利アートプロジェクトです。

いただいたご寄付は、若手アーティストの参加支援、会場設営費、多言語アクセシビリティ環境の向上に大切に活用させていただきます。","The Osaka Fringe Festival is a non-profit initiative dedicated to empowering emerging creators and making performing arts accessible to everyone worldwide.

Your generous contributions directly support artist subsidies, venue technical setups, and multilingual visitor infrastructure.","金融機関名：大阪シティ信用金庫
支店名：阿倍野支店
口座種別：普通預金
口座番号：8173108
口座名義：オオサカブンカフリンジキコウセツリツジュンビシツ
（大阪文化フリンジ機構設立準備室）","Bank: Osaka City Shinkin Bank
Branch: Abeno Branch
Account Type: Ordinary / Savings
Account Number: 8173108
Account Name: OSAKA BUNKA FRINGE KIKOU SETSURITSU JUNBISHITSU","https://www.instagram.com/osakafringe","https://twitter.com/osakafringe","https://osakafringe.com","info@osakafringe.com","","",""
